{
    "lgbm": {
        "score": -0.14543117777186051,
        "params": {
            "n_estimators": 233,
            "max_depth": 6,
            "learning_rate": 0.19982810380120172,
            "num_leaves": 43,
            "subsample": 0.6640976531017576,
            "colsample_bytree": 0.6578993834924656,
            "reg_alpha": 0.39987368838186493,
            "reg_lambda": 1.4659252604806086,
            "min_child_samples": 18,
            "min_split_gain": 0.0035579232560428277
        }
    },
    "xgb": {
        "score": -0.14532652993275308,
        "params": {
            "n_estimators": 87,
            "max_depth": 5,
            "learning_rate": 0.09363704522888329,
            "subsample": 0.8648799216343618,
            "colsample_bytree": 0.7671081211079689,
            "gamma": 0.017540984492239294,
            "reg_alpha": 0.4197689742968351,
            "reg_lambda": 0.6668090020699335
        }
    },
    "cat": {
        "score": -0.1439184900493593,
        "params": {
            "iterations": 292,
            "depth": 4,
            "learning_rate": 0.09847987740443576,
            "l2_leaf_reg": 5.853843965798154,
            "bagging_temperature": 1.4050938224494698,
            "colsample_bylevel": 0.6427803327161267,
            "random_strength": 0.47003529577981357,
            "min_data_in_leaf": 20,
            "grow_policy": "Depthwise"
        }
    }
}